{
 "Device" : "GW2A-18C",
 "Files" : [
  {
   "Path" : "C:/users/crossover/Documents/GOWIN/Lab6/Lab6/src/shifter.v",
   "Type" : "verilog"
  },
  {
   "Path" : "C:/users/crossover/Documents/GOWIN/Lab6/Lab6/src/top.v",
   "Type" : "verilog"
  },
  {
   "Path" : "C:/users/crossover/Documents/GOWIN/Lab6/Lab6/src/uart.v",
   "Type" : "verilog"
  }
 ],
 "IncludePath" : [

 ],
 "LoopLimit" : 2000,
 "ResultFile" : "C:/users/crossover/Documents/GOWIN/Lab6/Lab6/impl/temp/rtl_parser.result",
 "Top" : "",
 "VerilogStd" : "verilog_2001",
 "VhdlStd" : "vhdl_93"
}